CITY_NAME,LATITUDE,LONGITUDE,DATE,Date_Year,Date_Month,Number of days with greater than or equal to 1.0 inch of precipitation
"Philadelphia,3,39.86833,-75.23111,200801,2008,2
"Philadelphia,3,39.86833,-75.23111,200802,2008,2
"Philadelphia,3,39.86833,-75.23111,200803,2008,3
"Philadelphia,3,39.86833,-75.23111,200804,2008,1
"Philadelphia,3,39.86833,-75.23111,200805,2008,4
"Philadelphia,3,39.86833,-75.23111,200806,2008,1
"Philadelphia,3,39.86833,-75.23111,200807,2008,1
"Philadelphia,3,39.86833,-75.23111,200808,2008,2
"Philadelphia,3,39.86833,-75.23111,200809,2008,2
"Philadelphia,3,39.86833,-75.23111,200810,2008,1
"Philadelphia,3,39.86833,-75.23111,200811,2008,3
"Philadelphia,3,39.86833,-75.23111,200812,2008,3
"Philadelphia,3,39.86833,-75.23111,200901,2009,2
"Philadelphia,3,39.86833,-75.23111,200902,2009,1
"Philadelphia,3,39.86833,-75.23111,200903,2009,0
"Philadelphia,3,39.86833,-75.23111,200904,2009,3
"Philadelphia,3,39.86833,-75.23111,200905,2009,5
"Philadelphia,3,39.86833,-75.23111,200906,2009,4
"Philadelphia,3,39.86833,-75.23111,200907,2009,2
"Philadelphia,3,39.86833,-75.23111,200908,2009,6
"Philadelphia,3,39.86833,-75.23111,200909,2009,2
"Philadelphia,3,39.86833,-75.23111,200910,2009,4
"Philadelphia,3,39.86833,-75.23111,200911,2009,1
"Philadelphia,3,39.86833,-75.23111,200912,2009,5
"Philadelphia,3,39.86833,-75.23111,201001,2010,2
"Philadelphia,3,39.86833,-75.23111,201002,2010,5
"Philadelphia,3,39.86833,-75.23111,201003,2010,6
"Philadelphia,3,39.86833,-75.23111,201004,2010,2
"Philadelphia,3,39.86833,-75.23111,201005,2010,3
"Philadelphia,3,39.86833,-75.23111,201006,2010,2
"Philadelphia,3,39.86833,-75.23111,201007,2010,4
"Philadelphia,3,39.86833,-75.23111,201008,2010,1
"Philadelphia,3,39.86833,-75.23111,201009,2010,1
"Philadelphia,3,39.86833,-75.23111,201010,2010,2
"Philadelphia,3,39.86833,-75.23111,201011,2010,1
"Philadelphia,3,39.86833,-75.23111,201012,2010,3
"Philadelphia,3,39.86833,-75.23111,201101,2011,2
"Philadelphia,3,39.86833,-75.23111,201102,2011,2
"Philadelphia,3,39.86833,-75.23111,201103,2011,3
"Philadelphia,3,39.86833,-75.23111,201104,2011,3
"Philadelphia,3,39.86833,-75.23111,201105,2011,0
"Philadelphia,3,39.86833,-75.23111,201106,2011,2
"Philadelphia,3,39.86833,-75.23111,201107,2011,2
"Philadelphia,3,39.86833,-75.23111,201108,2011,10
"Philadelphia,3,39.86833,-75.23111,201109,2011,3
"Philadelphia,3,39.8683,-75.2311,201110,2011,2
"Philadelphia,3,39.8683,-75.2311,201111,2011,4
"Philadelphia,3,39.8683,-75.2311,201112,2011,3
"Philadelphia,3,39.8683,-75.2311,201201,2012,1
"Philadelphia,3,39.8683,-75.2311,201202,2012,1
"Philadelphia,3,39.8683,-75.2311,201203,2012,0
"Philadelphia,3,39.8683,-75.2311,201204,2012,1
"Philadelphia,3,39.8683,-75.2311,201205,2012,3
"Philadelphia,3,39.8683,-75.2311,201206,2012,3
"Philadelphia,3,39.8683,-75.2311,201207,2012,0
"Philadelphia,3,39.8683,-75.2311,201208,2012,4
"Philadelphia,3,39.8683,-75.2311,201209,2012,3
"Philadelphia,3,39.8683,-75.2311,201210,2012,1
"Philadelphia,3,39.8683,-75.2311,201211,2012,1
"Philadelphia,3,39.8683,-75.2311,201212,2012,2
"Philadelphia,3,39.8683,-75.2311,201301,2013,3
"Philadelphia,3,39.8683,-75.2311,201302,2013,0
"Philadelphia,3,39.8683,-75.2311,201303,2013,1
"Philadelphia,3,39.8683,-75.2311,201304,2013,1
"Philadelphia,3,39.8683,-75.2311,201305,2013,1
"Philadelphia,3,39.8683,-75.2311,201306,2013,6
"Philadelphia,3,39.8683,-75.2311,201307,2013,3
"Philadelphia,3,39.8683,-75.2311,201308,2013,4
"Philadelphia,3,39.8683,-75.2311,201309,2013,2
"Philadelphia,3,39.8683,-75.2311,201310,2013,1
"Philadelphia,3,39.8683,-75.2311,201311,2013,2
"Philadelphia,3,39.8683,-75.2311,201312,2013,5
Washington D.C.,38.8483,-77.0341,200801,2008,01,0
Washington D.C.,38.8483,-77.0341,200802,2008,02,2
Washington D.C.,38.8483,-77.0341,200803,2008,03,0
Washington D.C.,38.8483,-77.0341,200804,2008,04,1
Washington D.C.,38.8483,-77.0341,200805,2008,05,5
Washington D.C.,38.8483,-77.0341,200806,2008,06,1
Washington D.C.,38.8483,-77.0341,200807,2008,07,1
Washington D.C.,38.8483,-77.0341,200808,2008,08,0
Washington D.C.,38.8483,-77.0341,200809,2008,09,1
Washington D.C.,38.8483,-77.0341,200810,2008,10,0
Washington D.C.,38.8483,-77.0341,200811,2008,11,0
Washington D.C.,38.8483,-77.0341,200812,2008,12,1
Washington D.C.,38.8483,-77.0341,200901,2009,01,1
Washington D.C.,38.8483,-77.0341,200902,2009,02,0
Washington D.C.,38.8483,-77.0341,200903,2009,03,0
Washington D.C.,38.8483,-77.0341,200904,2009,04,1
Washington D.C.,38.8483,-77.0341,200905,2009,05,2
Washington D.C.,38.8483,-77.0341,200906,2009,06,2
Washington D.C.,38.8483,-77.0341,200907,2009,07,0
Washington D.C.,38.8483,-77.0341,200908,2009,08,1
Washington D.C.,38.8483,-77.0341,200909,2009,09,1
Washington D.C.,38.8483,-77.0341,200910,2009,10,2
Washington D.C.,38.8483,-77.0341,200911,2009,11,0
Washington D.C.,38.8483,-77.0341,200912,2009,12,2
Washington D.C.,38.8483,-77.0341,201001,2010,01,0
Washington D.C.,38.8483,-77.0341,201002,2010,02,0
Washington D.C.,38.8483,-77.0341,201003,2010,03,0
Washington D.C.,38.8483,-77.0341,201004,2010,04,0
Washington D.C.,38.8483,-77.0341,201005,2010,05,0
Washington D.C.,38.8483,-77.0341,201006,2010,06,0
Washington D.C.,38.8483,-77.0341,201007,2010,07,2
Washington D.C.,38.8483,-77.0341,201008,2010,08,0
Washington D.C.,38.8483,-77.0341,201009,2010,09,1
Washington D.C.,38.8483,-77.0341,201010,2010,10,2
Washington D.C.,38.8483,-77.0341,201011,2010,11,1
Washington D.C.,38.8483,-77.0341,201012,2010,12,0
Washington D.C.,38.8483,-77.0341,201101,2011,01,1
Washington D.C.,38.8483,-77.0341,201102,2011,02,0
Washington D.C.,38.8483,-77.0341,201103,2011,03,2
Washington D.C.,38.8483,-77.0341,201104,2011,04,0
Washington D.C.,38.8483,-77.0341,201105,2011,05,0
Washington D.C.,38.8483,-77.0341,201106,2011,06,0
Washington D.C.,38.8483,-77.0341,201107,2011,07,1
Washington D.C.,38.8483,-77.0341,201108,2011,08,3
Washington D.C.,38.8483,-77.0341,201109,2011,09,3
Washington D.C.,38.8483,-77.0341,201110,2011,10,1
Washington D.C.,38.8483,-77.0341,201111,2011,11,0
Washington D.C.,38.8483,-77.0341,201112,2011,12,1
Washington D.C.,38.8483,-77.0341,201201,2012,01,0
Washington D.C.,38.8483,-77.0341,201202,2012,02,1
Washington D.C.,38.8483,-77.0341,201203,2012,03,0
Washington D.C.,38.8483,-77.0341,201204,2012,04,1
Washington D.C.,38.8483,-77.0341,201205,2012,05,1
Washington D.C.,38.8483,-77.0341,201206,2012,06,1
Washington D.C.,38.8483,-77.0341,201207,2012,07,0
Washington D.C.,38.8483,-77.0341,201208,2012,08,0
Washington D.C.,38.8483,-77.0341,201209,2012,09,1
Washington D.C.,38.8483,-77.0341,201210,2012,10,1
Washington D.C.,38.8483,-77.0341,201211,2012,11,0
Washington D.C.,38.8483,-77.0341,201212,2012,12,1
Washington D.C.,38.8483,-77.0341,201301,2013,01,0
Washington D.C.,38.8483,-77.0341,201302,2013,02,0
Washington D.C.,38.8483,-77.0341,201303,2013,03,1
Washington D.C.,38.8483,-77.0341,201304,2013,04,1
Washington D.C.,38.8483,-77.0341,201305,2013,05,1
Washington D.C.,38.8483,-77.0341,201306,2013,06,3
Washington D.C.,38.8483,-77.0341,201307,2013,07,2
Washington D.C.,38.8483,-77.0341,201308,2013,08,0
Washington D.C.,38.8483,-77.0341,201309,2013,09,0
Washington D.C.,38.8483,-77.0341,201310,2013,10,3
Washington D.C.,38.8483,-77.0341,201311,2013,11,1
"Seattle,3,38.8483,-77.0341,201312,2013,5
"Seattle,112.8,47.44444,-122.31389,200801,2008,2
"Seattle,112.8,47.44444,-122.31389,200802,2008,0
"Seattle,112.8,47.44444,-122.31389,200803,2008,1
"Seattle,112.8,47.44444,-122.31389,200804,2008,0
"Seattle,112.8,47.44444,-122.31389,200805,2008,0
"Seattle,112.8,47.44444,-122.31389,200806,2008,1
"Seattle,112.8,47.44444,-122.31389,200807,2008,0
"Seattle,112.8,47.44444,-122.31389,200808,2008,2
"Seattle,112.8,47.44444,-122.31389,200809,2008,1
"Seattle,112.8,47.44444,-122.31389,200810,2008,1
"Seattle,112.8,47.44444,-122.31389,200811,2008,4
"Seattle,112.8,47.44444,-122.31389,200812,2008,1
"Seattle,112.8,47.44444,-122.31389,200901,2009,4
"Seattle,112.8,47.44444,-122.31389,200902,2009,0
"Seattle,112.8,47.44444,-122.31389,200903,2009,1
"Seattle,112.8,47.44444,-122.31389,200904,2009,2
"Seattle,112.8,47.44444,-122.31389,200905,2009,2
"Seattle,112.8,47.44444,-122.31389,200906,2009,0
"Seattle,112.8,47.44444,-122.31389,200907,2009,0
"Seattle,112.8,47.44444,-122.31389,200908,2009,0
"Seattle,112.8,47.44444,-122.31389,200909,2009,1
"Seattle,112.8,47.44444,-122.31389,200910,2009,4
"Seattle,112.8,47.44444,-122.31389,200911,2009,6
"Seattle,112.8,47.44444,-122.31389,200912,2009,2
"Seattle,112.8,47.44444,-122.31389,201001,2010,4
"Seattle,112.8,47.44444,-122.31389,201002,2010,0
"Seattle,112.8,47.44444,-122.31389,201003,2010,3
"Seattle,112.8,47.44444,-122.31389,201004,2010,2
"Seattle,112.8,47.44444,-122.31389,201005,2010,0
"Seattle,112.8,47.44444,-122.31389,201006,2010,0
"Seattle,112.8,47.44444,-122.31389,201007,2010,0
"Seattle,112.8,47.44444,-122.31389,201008,2010,0
"Seattle,112.8,47.44444,-122.31389,201009,2010,3
"Seattle,112.8,47.44444,-122.31389,201010,2010,4
"Seattle,112.8,47.44444,-122.31389,201011,2010,3
"Seattle,112.8,47.44444,-122.31389,201012,2010,5
"Seattle,112.8,47.44444,-122.31389,201101,2011,3
"Seattle,112.8,47.44444,-122.31389,201102,2011,1
"Seattle,112.8,47.44444,-122.31389,201103,2011,2
"Seattle,112.8,47.4444,-122.3138,201104,2011,2
"Seattle,112.8,47.4444,-122.3138,201105,2011,2
"Seattle,112.8,47.4444,-122.3138,201106,2011,0
"Seattle,112.8,47.4444,-122.3138,201107,2011,0
"Seattle,112.8,47.4444,-122.3138,201108,2011,0
"Seattle,112.8,47.4444,-122.3138,201109,2011,1
"Seattle,112.8,47.4444,-122.3138,201110,2011,3
"Seattle,112.8,47.4444,-122.3138,201111,2011,2
"Seattle,112.8,47.4444,-122.3138,201112,2011,2
"Seattle,112.8,47.4444,-122.3138,201201,2012,5
"Seattle,112.8,47.4444,-122.3138,201202,2012,2
"Seattle,112.8,47.4444,-122.3138,201203,2012,5
"Seattle,112.8,47.4444,-122.3138,201204,2012,0
"Seattle,112.8,47.4444,-122.3138,201205,2012,2
"Seattle,112.8,47.4444,-122.3138,201206,2012,3
"Seattle,112.8,47.4444,-122.3138,201207,2012,1
"Seattle,112.8,47.4444,-122.3138,201208,2012,0
"Seattle,112.8,47.4444,-122.3138,201209,2012,0
"Seattle,112.8,47.4444,-122.3138,201210,2012,5
"Seattle,112.8,47.4444,-122.3138,201211,2012,4
"Seattle,112.8,47.4444,-122.3138,201212,2012,7
"Seattle,112.8,47.4444,-122.3138,201301,2013,2
"Seattle,112.8,47.4444,-122.3138,201302,2013,0
"Seattle,112.8,47.4444,-122.3138,201303,2013,0
"Seattle,112.8,47.4444,-122.3138,201304,2013,4
"Seattle,112.8,47.4444,-122.3138,201305,2013,2
"Seattle,112.8,47.4444,-122.3138,201306,2013,0
"Seattle,112.8,47.4444,-122.3138,201307,2013,0
"Seattle,112.8,47.4444,-122.3138,201308,2013,1
"Seattle,112.8,47.4444,-122.3138,201309,2013,6
"Seattle,112.8,47.4444,-122.3138,201310,2013,0
"Seattle,112.8,47.4444,-122.3138,201311,2013,3
"Seattle,112.8,47.4444,-122.3138,201312,2013,0
"Boston,6.1,42.36056,-71.01056,200801,2008,2
"Boston,6.1,42.36056,-71.01056,200802,2008,6
"Boston,6.1,42.36056,-71.01056,200803,2008,1
"Boston,6.1,42.36056,-71.01056,200804,2008,3
"Boston,6.1,42.36056,-71.01056,200805,2008,1
"Boston,6.1,42.36056,-71.01056,200806,2008,3
"Boston,6.1,42.36056,-71.01056,200807,2008,4
"Boston,6.1,42.36056,-71.01056,200808,2008,3
"Boston,6.1,42.36056,-71.01056,200809,2008,4
"Boston,6.1,42.36056,-71.01056,200810,2008,0
"Boston,6.1,42.36056,-71.01056,200811,2008,3
"Boston,6.1,42.36056,-71.01056,200812,2008,4
"Boston,6.1,42.36056,-71.01056,200901,2009,2
"Boston,6.1,42.36056,-71.01056,200902,2009,1
"Boston,6.1,42.36056,-71.01056,200903,2009,3
"Boston,6.1,42.36056,-71.01056,200904,2009,3
"Boston,6.1,42.36056,-71.01056,200905,2009,2
"Boston,6.1,42.36056,-71.01056,200906,2009,2
"Boston,6.1,42.36056,-71.01056,200907,2009,6
"Boston,6.1,42.36056,-71.01056,200908,2009,2
"Boston,6.1,42.36056,-71.01056,200909,2009,1
"Boston,6.1,42.36056,-71.01056,200910,2009,4
"Boston,3.7,42.3606,-71.0106,200911,2009,2
"Boston,3.7,42.3606,-71.0106,200912,2009,4
"Boston,3.7,42.3606,-71.0106,201001,2010,2
"Boston,3.7,42.3606,-71.0106,201002,2010,3
"Boston,3.7,42.3606,-71.0106,201003,2010,6
"Boston,3.7,42.3606,-71.0106,201004,2010,1
"Boston,3.7,42.3606,-71.0106,201005,2010,2
"Boston,3.7,42.3606,-71.0106,201006,2010,3
"Boston,3.7,42.3606,-71.0106,201007,2010,1
"Boston,3.7,42.3606,-71.0106,201008,2010,4
"Boston,3.7,42.3606,-71.0106,201009,2010,1
"Boston,3.7,42.3606,-71.0106,201010,2010,3
"Boston,3.7,42.3606,-71.0106,201011,2010,2
"Boston,3.7,42.3606,-71.0106,201012,2010,3
"Boston,3.7,42.3606,-71.0106,201101,2011,4
"Boston,3.7,42.3606,-71.0106,201102,2011,3
"Boston,3.7,42.3606,-71.0106,201103,2011,2
"Boston,3.7,42.3606,-71.0106,201104,2011,2
"Boston,3.7,42.3606,-71.0106,201105,2011,2
"Boston,3.7,42.3606,-71.0106,201106,2011,4
"Boston,3.7,42.3606,-71.0106,201107,2011,1
"Boston,3.7,42.3606,-71.0106,201108,2011,8
"Boston,3.7,42.3606,-71.0106,201109,2011,3
"Boston,3.7,42.3606,-71.0106,201110,2011,6
"Boston,3.7,42.3606,-71.0106,201111,2011,4
"Boston,3.7,42.3606,-71.0106,201112,2011,3
"Boston,3.7,42.3606,-71.0106,201201,2012,2
"Boston,3.7,42.3606,-71.0106,201202,2012,1
"Boston,3.7,42.3606,-71.0106,201203,2012,1
"Boston,3.7,42.3606,-71.0106,201204,2012,2
"Boston,3.7,42.3606,-71.0106,201205,2012,4
"Boston,3.7,42.3606,-71.0106,201206,2012,4
"Boston,3.7,42.3606,-71.0106,201207,2012,3
"Boston,3.7,42.3606,-71.0106,201208,2012,3
"Boston,3.7,42.3606,-71.0106,201209,2012,4
"Boston,3.7,42.3606,-71.0106,201210,2012,1
"Boston,3.7,42.3606,-71.0106,201211,2012,0
"Boston,3.7,42.3606,-71.0106,201212,2012,5
"Boston,3.7,42.3606,-71.0106,201301,2013,0
"Boston,3.7,42.3606,-71.0106,201302,2013,4
"Boston,3.7,42.3606,-71.0106,201303,2013,2
"Boston,3.7,42.3606,-71.0106,201304,2013,0
"Boston,3.7,42.3606,-71.0106,201305,2013,3
"Boston,3.7,42.3606,-71.0106,201306,2013,8
"Boston,3.7,42.3606,-71.0106,201307,2013,2
"Boston,3.7,42.3606,-71.0106,201308,2013,1
"Boston,3.7,42.3606,-71.0106,201309,2013,1
"Boston,3.7,42.3606,-71.0106,201310,2013,0
"Boston,3.7,42.3606,-71.0106,201311,2013,1
"Boston,3.7,42.3606,-71.0106,201312,2013,4
"Chicago,189,41.7372,-87.7775,200801,2008,2
"Chicago,189,41.7372,-87.7775,200802,2008,2
"Chicago,189,41.7372,-87.7775,200803,2008,0
"Chicago,189,41.7372,-87.7775,200804,2008,2
"Chicago,189,41.7372,-87.7775,200805,2008,4
"Chicago,189,41.7372,-87.7775,200806,2008,3
"Chicago,189,41.7372,-87.7775,200807,2008,4
"Chicago,189,41.7372,-87.7775,200808,2008,1
"Chicago,189,41.7372,-87.7775,200809,2008,5
"Chicago,189,41.7372,-87.7775,200810,2008,2
"Chicago,189,41.7372,-87.7775,200811,2008,0
"Chicago,189,41.7372,-87.7775,200812,2008,3
"Chicago,189,41.7372,-87.7775,200901,2009,0
"Chicago,189,41.7372,-87.7775,200902,2009,2
"Chicago,189,41.7372,-87.7775,200903,2009,6
"Chicago,189,41.7372,-87.7775,200904,2009,5
"Chicago,189,41.7372,-87.7775,200905,2009,4
"Chicago,189,41.7372,-87.7775,200906,2009,4
"Chicago,189,41.7372,-87.7775,200907,2009,2
"Chicago,189,41.7372,-87.7775,200908,2009,3
"Chicago,189,41.7372,-87.7775,200909,2009,0
"Chicago,189,41.7372,-87.7775,200910,2009,6
"Chicago,189,41.7372,-87.7775,200911,2009,1
"Chicago,189,41.7372,-87.7775,200912,2009,1
"Chicago,189,41.7372,-87.7775,201001,2010,0
"Chicago,189,41.7372,-87.7775,201002,2010,1
"Chicago,189,41.7372,-87.7775,201003,2010,1
"Chicago,189,41.7372,-87.7775,201004,2010,3
"Chicago,189,41.7372,-87.7775,201005,2010,4
"Chicago,189,41.7372,-87.7775,201006,2010,5
"Chicago,189,41.7372,-87.7775,201007,2010,5
"Chicago,189,41.7372,-87.7775,201008,2010,2
"Chicago,189,41.7372,-87.7775,201009,2010,1
"Chicago,189,41.7372,-87.7775,201010,2010,1
"Chicago,189,41.7372,-87.7775,201011,2010,2
"Chicago,189,41.7372,-87.7775,201012,2010,2
"Chicago,189,41.7372,-87.7775,201101,2011,0
"Chicago,189,41.7372,-87.7775,201102,2011,3
"Chicago,189,41.7372,-87.7775,201103,2011,1
"Chicago,189,41.7372,-87.7775,201104,2011,4
"Chicago,189,41.7372,-87.7775,201105,2011,3
"Chicago,189,41.7372,-87.7775,201106,2011,5
"Chicago,189,41.7372,-87.7775,201107,2011,3
"Chicago,189,41.7372,-87.7775,201108,2011,4
"Chicago,189,41.7372,-87.7775,201109,2011,2
"Chicago,189,41.7372,-87.7775,201110,2011,2
"Chicago,189,41.7372,-87.7775,201111,2011,2
"Chicago,189,41.7372,-87.7775,201112,2011,1
"Chicago,189,41.7372,-87.7775,201201,2012,2
"Chicago,189,41.7372,-87.7775,201202,2012,0
"Chicago,189,41.7372,-87.7775,201203,2012,1
"Chicago,189,41.7372,-87.7775,201204,2012,3
"Chicago,189,41.7372,-87.7775,201205,2012,4
"Chicago,189,41.7372,-87.7775,201206,2012,1
"Chicago,189,41.7372,-87.7775,201207,2012,3
"Chicago,189,41.7372,-87.7775,201208,2012,3
"Chicago,189,41.7372,-87.7775,201209,2012,0
"Chicago,189,41.7372,-87.7775,201210,2012,3
"Chicago,189,41.7372,-87.7775,201211,2012,0
"Chicago,189,41.7372,-87.7775,201212,2012,1
"Chicago,189,41.7372,-87.7775,201301,2013,2
"Chicago,189,41.7372,-87.7775,201302,2013,2
"Chicago,189,41.7372,-87.7775,201303,2013,2
"Chicago,189,41.7372,-87.7775,201304,2013,4
"Chicago,189,41.7372,-87.7775,201305,2013,5
"Chicago,189,41.7372,-87.7775,201306,2013,2
"Chicago,189,41.7372,-87.7775,201307,2013,1
"Chicago,189,41.7372,-87.7775,201308,2013,2
"Chicago,189,41.7372,-87.7775,201309,2013,1
"Chicago,189,41.7372,-87.7775,201310,2013,3
"Chicago,189,41.7372,-87.7775,201311,2013,2
"Chicago,189,41.7372,-87.7775,201312,2013,0
"San Francisco,2.4,37.65806,-122.43778,200801,2008,4
"San Francisco,2.4,37.65806,-122.43778,200802,2008,1
"San Francisco,2.4,37.65806,-122.43778,200803,2008,0
"San Francisco,2.4,37.65806,-122.43778,200804,2008,0
"San Francisco,2.4,37.65806,-122.43778,200805,2008,0
"San Francisco,2.4,37.65806,-122.43778,200806,2008,0
"San Francisco,2.4,37.65806,-122.43778,200807,2008,0
"San Francisco,2.4,37.65806,-122.43778,200808,2008,0
"San Francisco,2.4,37.65806,-122.43778,200809,2008,0
"San Francisco,2.4,37.65806,-122.43778,200810,2008,0
"San Francisco,2.4,37.65806,-122.43778,200811,2008,1
"San Francisco,2.4,37.65806,-122.43778,200812,2008,1
"San Francisco,2.4,37.65806,-122.43778,200901,2009,0
"San Francisco,2.4,37.65806,-122.43778,200902,2009,4
"San Francisco,2.4,37.65806,-122.43778,200903,2009,2
"San Francisco,2.4,37.65806,-122.43778,200904,2009,0
"San Francisco,2.4,37.65806,-122.43778,200905,2009,0
"San Francisco,2.4,37.65806,-122.43778,200906,2009,0
"San Francisco,2.4,37.65806,-122.43778,200907,2009,0
"San Francisco,2.4,37.65806,-122.43778,200908,2009,0
"San Francisco,2.4,37.65806,-122.43778,200909,2009,0
"San Francisco,2.4,37.65806,-122.43778,200910,2009,1
"San Francisco,2.4,37.65806,-122.43778,200911,2009,0
"San Francisco,2.4,37.65806,-122.43778,200912,2009,2
"San Francisco,2.4,37.65806,-122.43778,201001,2010,4
"San Francisco,2.4,37.65806,-122.43778,201002,2010,2
"San Francisco,2.4,37.65806,-122.43778,201003,2010,2
"San Francisco,2.4,37.65806,-122.43778,201004,2010,3
"San Francisco,2.4,37.65806,-122.43778,201005,2010,0
"San Francisco,2.4,37.65806,-122.43778,201006,2010,0
"San Francisco,2.4,37.65806,-122.43778,201007,2010,0
"San Francisco,2.4,37.65806,-122.43778,201008,2010,0
"San Francisco,2.4,37.65806,-122.43778,201009,2010,0
"San Francisco,2.4,37.65806,-122.43778,201010,2010,0
"San Francisco,2.4,37.65806,-122.43778,201011,2010,1
"San Francisco,2.4,37.65806,-122.43778,201012,2010,5
"San Francisco,2.4,37.65806,-122.43778,201101,2011,0
"San Francisco,2.4,37.65806,-122.43778,201102,2011,5
"San Francisco,2.4,37.65806,-122.43778,201103,2011,4
"San Francisco,2.4,37.65806,-122.43778,201104,2011,0
"San Francisco,2.4,37.65806,-122.43778,201105,2011,0
"San Francisco,2.4,37.65806,-122.43778,201106,2011,2
"San Francisco,2.4,37.65806,-122.43778,201107,2011,0
"San Francisco,2.4,37.65806,-122.43778,201108,2011,0
"San Francisco,2.4,37.65806,-122.43778,201109,2011,0
"San Francisco,2.4,37.6197,-122.3647,201110,2011,1
"San Francisco,2.4,37.6197,-122.3647,201111,2011,0
"San Francisco,2.4,37.6197,-122.3647,201112,2011,0
"San Francisco,2.4,37.6197,-122.3647,201201,2012,1
"San Francisco,2.4,37.6197,-122.3647,201202,2012,0
"San Francisco,2.4,37.6197,-122.3647,201203,2012,5
"San Francisco,2.4,37.6197,-122.3647,201204,2012,2
"San Francisco,2.4,37.6197,-122.3647,201205,2012,0
"San Francisco,2.4,37.6197,-122.3647,201206,2012,0
"San Francisco,2.4,37.6197,-122.3647,201207,2012,0
"San Francisco,2.4,37.6197,-122.3647,201208,2012,0
"San Francisco,2.4,37.6197,-122.3647,201209,2012,0
"San Francisco,2.4,37.6197,-122.3647,201210,2012,0
"San Francisco,2.4,37.6197,-122.3647,201211,2012,2
"San Francisco,2.4,37.6197,-122.3647,201212,2012,6
"San Francisco,2.4,37.6197,-122.3647,201301,2013,0
"San Francisco,2.4,37.6197,-122.3647,201302,2013,0
"San Francisco,2.4,37.6197,-122.3647,201303,2013,0
"San Francisco,2.4,37.6197,-122.3647,201304,2013,0
"San Francisco,2.4,37.6197,-122.3647,201305,2013,0
"San Francisco,2.4,37.6197,-122.3647,201306,2013,0
"San Francisco,2.4,37.6197,-122.3647,201307,2013,0
"San Francisco,2.4,37.6197,-122.3647,201308,2013,0
"San Francisco,2.4,37.6197,-122.3647,201309,2013,0
"San Francisco,2.4,37.6197,-122.3647,201310,2013,0
"San Francisco,2.4,37.6197,-122.3647,201311,2013,1
"San Francisco,2.4,37.6197,-122.3647,201312,2013,0
"New York,3.4,40.63861,-73.76222,200801,2008,2
"New York,3.4,40.63861,-73.76222,200802,2008,4
"New York,3.4,40.63861,-73.76222,200803,2008,3
"New York,3.4,40.63861,-73.76222,200804,2008,3
"New York,3.4,40.63861,-73.76222,200805,2008,2
"New York,3.4,40.63861,-73.76222,200806,2008,2
"New York,3.4,40.63861,-73.76222,200807,2008,3
"New York,3.4,40.63861,-73.76222,200808,2008,3
"New York,3.4,40.63861,-73.76222,200809,2008,4
"New York,3.4,40.63861,-73.76222,200810,2008,3
"New York,3.4,40.63861,-73.76222,200811,2008,4
"New York,3.4,40.63861,-73.76222,200812,2008,4
"New York,3.4,40.63861,-73.76222,200901,2009,2
"New York,3.4,40.63861,-73.76222,200902,2009,0
"New York,3.4,40.63861,-73.76222,200903,2009,2
"New York,3.4,40.63861,-73.76222,200904,2009,4
"New York,3.4,40.63861,-73.76222,200905,2009,3
"New York,3.4,40.63861,-73.76222,200906,2009,6
"New York,3.4,40.63861,-73.76222,200907,2009,4
"New York,3.4,40.63861,-73.76222,200908,2009,4
"New York,3.4,40.63861,-73.76222,200909,2009,3
"New York,3.4,40.63861,-73.76222,200910,2009,4
"New York,3.4,40.63861,-73.76222,200911,2009,1
"New York,3.4,40.63861,-73.76222,200912,2009,6
"New York,3.4,40.63861,-73.76222,201001,2010,2
"New York,3.4,40.63861,-73.76222,201002,2010,4
"New York,3.4,40.63861,-73.76222,201003,2010,5
"New York,3.4,40.63861,-73.76222,201004,2010,2
"New York,3.4,40.63861,-73.76222,201005,2010,2
"New York,3.4,40.63861,-73.76222,201006,2010,1
"New York,3.4,40.63861,-73.76222,201007,2010,3
"New York,3.4,40.63861,-73.76222,201008,2010,2
"New York,3.4,40.63861,-73.76222,201009,2010,4
"New York,3.4,40.63861,-73.76222,201010,2010,3
"New York,3.4,40.63861,-73.76222,201011,2010,1
"New York,3.4,40.63861,-73.76222,201012,2010,3
"New York,3.4,40.63861,-73.76222,201101,2011,2
"New York,3.4,40.63861,-73.76222,201102,2011,2
"New York,3.4,40.63861,-73.76222,201103,2011,5
"New York,3.4,40.63861,-73.76222,201104,2011,4
"New York,3.4,40.63861,-73.76222,201105,2011,3
"New York,3.4,40.63861,-73.76222,201106,2011,1
"New York,3.4,40.63861,-73.76222,201107,2011,2
"New York,3.4,40.63861,-73.76222,201108,2011,5
"New York,3.4,40.63861,-73.76222,201109,2011,3
"New York,3.4,40.63861,-73.76222,201110,2011,3
"New York,3.4,40.63861,-73.76222,201111,2011,3
"New York,3.4,40.63861,-73.76222,201112,2011,3
"New York,3.4,40.63861,-73.76222,201201,2012,1
"New York,3.4,40.63861,-73.76222,201202,2012,0
"New York,3.4,40.63861,-73.76222,201203,2012,0
"New York,3.4,40.63861,-73.76222,201204,2012,1
"New York,3.4,40.63861,-73.76222,201205,2012,5
"New York,3.4,40.63861,-73.76222,201206,2012,5
"New York,3.4,40.63861,-73.76222,201207,2012,0
"New York,3.4,40.63861,-73.76222,201208,2012,2
"New York,3.4,40.63861,-73.76222,201209,2012,3
"New York,3.4,40.63861,-73.76222,201210,2012,1
"New York,3.4,40.63861,-73.76222,201211,2012,1
"New York,3.4,40.63861,-73.76222,201212,2012,4
"New York,3.4,40.63861,-73.76222,201301,2013,2
"New York,3.4,40.63861,-73.76222,201302,2013,2
"New York,3.4,40.63861,-73.76222,201303,2013,1
"New York,3.4,40.63861,-73.76222,201304,2013,2
"New York,3.4,40.63861,-73.76222,201305,2013,3
"New York,3.4,40.63861,-73.76222,201306,2013,3
"New York,3.4,40.63861,-73.76222,201307,2013,1
"New York,3.4,40.63861,-73.76222,201308,2013,3
"New York,3.4,40.63861,-73.76222,201309,2013,1
"New York,3.4,40.63861,-73.76222,201310,2013,0
"New York,3.4,40.63861,-73.76222,201311,2013,2
"New York,3.4,40.63861,-73.76222,201312,2013,4
"Dallas,170.7,32.89778,-97.01889,200801,2008,0
"Dallas,170.7,32.89778,-97.01889,200802,2008,1
"Dallas,170.7,32.89778,-97.01889,200803,2008,4
"Dallas,170.7,32.89778,-97.01889,200804,2008,4
"Dallas,170.7,32.89778,-97.01889,200805,2008,3
"Dallas,170.7,32.89778,-97.01889,200806,2008,1
"Dallas,170.7,32.89778,-97.01889,200807,2008,0
"Dallas,170.7,32.89778,-97.01889,200808,2008,3
"Dallas,170.7,32.89778,-97.01889,200809,2008,0
"Dallas,170.7,32.8978,-97.0189,200810,2008,2
"Dallas,170.7,32.8978,-97.0189,200811,2008,3
"Dallas,170.7,32.8978,-97.0189,200812,2008,0
"Dallas,170.7,32.8978,-97.0189,200901,2009,0
"Dallas,170.7,32.8978,-97.0189,200902,2009,0
"Dallas,170.7,32.8978,-97.0189,200903,2009,4
"Dallas,170.7,32.8978,-97.0189,200904,2009,4
"Dallas,170.7,32.8978,-97.0189,200905,2009,2
"Dallas,170.7,32.8978,-97.0189,200906,2009,2
"Dallas,170.7,32.8978,-97.0189,200907,2009,2
"Dallas,170.7,32.8978,-97.0189,200908,2009,2
"Dallas,170.7,32.8978,-97.0189,200909,2009,4
"Dallas,170.7,32.8978,-97.0189,200910,2009,6
"Dallas,170.7,32.8978,-97.0189,200911,2009,1
"Dallas,170.7,32.8978,-97.0189,200912,2009,1
"Dallas,170.7,32.8978,-97.0189,201001,2010,2
"Dallas,170.7,32.8978,-97.0189,201002,2010,2
"Dallas,170.7,32.8978,-97.0189,201003,2010,4
"Dallas,170.7,32.8978,-97.0189,201004,2010,1
"Dallas,170.7,32.8978,-97.0189,201005,2010,1
"Dallas,170.7,32.8978,-97.0189,201006,2010,2
"Dallas,170.7,32.8978,-97.0189,201007,2010,2
"Dallas,170.7,32.8978,-97.0189,201008,2010,0
"Dallas,170.7,32.8978,-97.0189,201009,2010,4
"Dallas,170.7,32.8978,-97.0189,201010,2010,1
"Dallas,170.7,32.8978,-97.0189,201011,2010,1
"Dallas,170.7,32.8978,-97.0189,201012,2010,2
"Dallas,170.7,32.8978,-97.0189,201101,2011,1
"Dallas,170.7,32.8978,-97.0189,201102,2011,0
"Dallas,170.7,32.8978,-97.0189,201103,2011,0
"Dallas,170.7,32.8978,-97.0189,201104,2011,2
"Dallas,170.7,32.8978,-97.0189,201105,2011,7
"Dallas,170.7,32.8978,-97.0189,201106,2011,1
"Dallas,170.7,32.8978,-97.0189,201107,2011,0
"Dallas,170.7,32.8978,-97.0189,201108,2011,1
"Dallas,170.7,32.8978,-97.0189,201109,2011,1
"Dallas,170.7,32.8978,-97.0189,201110,2011,2
"Dallas,170.7,32.8978,-97.0189,201111,2011,0
"Dallas,170.7,32.8978,-97.0189,201112,2011,4
"Dallas,170.7,32.8978,-97.0189,201201,2012,3
"Dallas,170.7,32.8978,-97.0189,201202,2012,1
"Dallas,170.7,32.8978,-97.0189,201203,2012,3
"Dallas,170.7,32.8978,-97.0189,201204,2012,3
"Dallas,170.7,32.8978,-97.0189,201205,2012,1
"Dallas,170.7,32.8978,-97.0189,201206,2012,2
"Dallas,170.7,32.8978,-97.0189,201207,2012,1
"Dallas,170.7,32.8978,-97.0189,201208,2012,3
"Dallas,170.7,32.8978,-97.0189,201209,2012,1
"Dallas,170.7,32.8978,-97.0189,201210,2012,1
"Dallas,170.7,32.8978,-97.0189,201211,2012,0
"Dallas,170.7,32.8978,-97.0189,201212,2012,1
"Dallas,170.7,32.8978,-97.0189,201301,2013,2
"Dallas,170.7,32.8978,-97.0189,201302,2013,1
"Dallas,170.7,32.8978,-97.0189,201303,2013,2
"Dallas,170.7,32.8978,-97.0189,201304,2013,2
"Dallas,170.7,32.8978,-97.0189,201305,2013,2
"Dallas,170.7,32.8978,-97.0189,201306,2013,2
"Dallas,170.7,32.8978,-97.0189,201307,2013,2
"Dallas,170.7,32.8978,-97.0189,201308,2013,1
"Dallas,170.7,32.8978,-97.0189,201309,2013,2
"Dallas,170.7,32.8978,-97.0189,201310,2013,3
"Dallas,170.7,32.8978,-97.0189,201311,2013,2
"Dallas,170.7,32.8978,-97.0189,201312,2013,2
"Detroit,192.3,42.2313,-83.3308,200801,2008,1
"Detroit,192.3,42.2313,-83.3308,200802,2008,3
"Detroit,192.3,42.2313,-83.3308,200803,2008,1
"Detroit,192.3,42.2313,-83.3308,200804,2008,0
"Detroit,192.3,42.2313,-83.3308,200805,2008,1
"Detroit,192.3,42.2313,-83.3308,200806,2008,2
"Detroit,192.3,42.2313,-83.3308,200807,2008,3
"Detroit,192.3,42.2313,-83.3308,200808,2008,0
"Detroit,192.3,42.2313,-83.3308,200809,2008,3
"Detroit,192.3,42.2313,-83.3308,200810,2008,0
"Detroit,192.3,42.2313,-83.3308,200811,2008,3
"Detroit,192.3,42.2313,-83.3308,200812,2008,2
"Detroit,192.3,42.2313,-83.3308,200901,2009,0
"Detroit,192.3,42.2313,-83.3308,200902,2009,1
"Detroit,192.3,42.2313,-83.3308,200903,2009,4
"Detroit,192.3,42.2313,-83.3308,200904,2009,3
"Detroit,192.3,42.2313,-83.3308,200905,2009,2
"Detroit,192.3,42.2313,-83.3308,200906,2009,3
"Detroit,192.3,42.2313,-83.3308,200907,2009,1
"Detroit,192.3,42.2313,-83.3308,200908,2009,1
"Detroit,192.3,42.2313,-83.3308,200909,2009,1
"Detroit,192.3,42.2313,-83.3308,200910,2009,3
"Detroit,192.3,42.2313,-83.3308,200911,2009,0
"Detroit,192.3,42.2313,-83.3308,200912,2009,3
"Detroit,192.3,42.2313,-83.3308,201001,2010,0
"Detroit,192.3,42.2313,-83.3308,201002,2010,1
"Detroit,192.3,42.2313,-83.3308,201003,2010,0
"Detroit,192.3,42.2313,-83.3308,201004,2010,1
"Detroit,192.3,42.2313,-83.3308,201005,2010,5
"Detroit,192.3,42.2313,-83.3308,201006,2010,3
"Detroit,192.3,42.2313,-83.3308,201007,2010,4
"Detroit,192.3,42.2313,-83.3308,201008,2010,0
"Detroit,192.3,42.2313,-83.3308,201009,2010,2
"Detroit,192.3,42.2313,-83.3308,201010,2010,0
"Detroit,192.3,42.2313,-83.3308,201011,2010,4
"Detroit,192.3,42.2313,-83.3308,201012,2010,1
"Detroit,192.3,42.2313,-83.3308,201101,2011,0
"Detroit,192.3,42.2313,-83.3308,201102,2011,3
"Detroit,192.3,42.2313,-83.3308,201103,2011,3
"Detroit,192.3,42.2313,-83.3308,201104,2011,4
"Detroit,192.3,42.2313,-83.3308,201105,2011,3
"Detroit,192.3,42.2313,-83.3308,201106,2011,0
"Detroit,192.3,42.2313,-83.3308,201107,2011,6
"Detroit,192.3,42.2313,-83.3308,201108,2011,0
"Detroit,192.3,42.2313,-83.3308,201109,2011,6
"Detroit,192.3,42.2313,-83.3308,201110,2011,1
"Detroit,192.3,42.2313,-83.3308,201111,2011,4
"Detroit,192.3,42.2313,-83.3308,201112,2011,2
"Detroit,192.3,42.2313,-83.3308,201201,2012,1
"Detroit,192.3,42.2313,-83.3308,201202,2012,1
"Detroit,192.3,42.2313,-83.3308,201203,2012,3
"Detroit,192.3,42.2313,-83.3308,201204,2012,2
"Detroit,192.3,42.2313,-83.3308,201205,2012,0
"Detroit,192.3,42.2313,-83.3308,201206,2012,1
"Detroit,192.3,42.2313,-83.3308,201207,2012,2
"Detroit,192.3,42.2313,-83.3308,201208,2012,3
"Detroit,192.3,42.2313,-83.3308,201209,2012,1
"Detroit,192.3,42.2313,-83.3308,201210,2012,1
"Detroit,192.3,42.2313,-83.3308,201211,2012,1
"Detroit,192.3,42.2313,-83.3308,201212,2012,1
"Detroit,192.3,42.2313,-83.3308,201301,2013,3
"Detroit,192.3,42.2313,-83.3308,201302,2013,1
"Detroit,192.3,42.2313,-83.3308,201303,2013,0
"Detroit,192.3,42.2313,-83.3308,201304,2013,3
"Detroit,192.3,42.2313,-83.3308,201305,2013,2
"Detroit,192.3,42.2313,-83.3308,201306,2013,5
"Detroit,192.3,42.2313,-83.3308,201307,2013,2
"Detroit,192.3,42.2313,-83.3308,201308,2013,3
"Detroit,192.3,42.2313,-83.3308,201309,2013,1
"Detroit,192.3,42.2313,-83.3308,201310,2013,1
"Detroit,192.3,42.2313,-83.3308,201311,2013,1
"Detroit,192.3,42.2313,-83.3308,201312,2013,1
"Miami,8.8,25.79056,-80.31639,200801,2008,1
"Miami,8.8,25.79056,-80.31639,200802,2008,2
"Miami,8.8,25.79056,-80.31639,200803,2008,6
"Miami,8.8,25.79056,-80.31639,200804,2008,2
"Miami,8.8,25.79056,-80.31639,200805,2008,2
"Miami,8.8,25.79056,-80.31639,200806,2008,5
"Miami,8.8,25.79056,-80.31639,200807,2008,5
"Miami,8.8,25.79056,-80.31639,200808,2008,5
"Miami,8.8,25.79056,-80.31639,200809,2008,6
"Miami,8.8,25.79056,-80.31639,200810,2008,5
"Miami,8.8,25.79056,-80.31639,200811,2008,0
"Miami,8.8,25.79056,-80.31639,200812,2008,0
"Miami,8.8,25.79056,-80.31639,200901,2009,0
"Miami,8.8,25.79056,-80.31639,200902,2009,0
"Miami,8.8,25.79056,-80.31639,200903,2009,1
"Miami,8.8,25.79056,-80.31639,200904,2009,0
"Miami,8.8,25.79056,-80.31639,200905,2009,6
"Miami,8.8,25.79056,-80.31639,200906,2009,7
"Miami,8.8,25.79056,-80.31639,200907,2009,5
"Miami,8.8,25.79056,-80.31639,200908,2009,4
"Miami,8.8,25.79056,-80.31639,200909,2009,3
"Miami,8.8,25.79056,-80.31639,200910,2009,2
"Miami,8.8,25.79056,-80.31639,200911,2009,1
"Miami,8.8,25.79056,-80.31639,200912,2009,1
"Miami,8.8,25.79056,-80.31639,201001,2010,0
"Miami,8.8,25.79056,-80.31639,201002,2010,2
"Miami,8.8,25.79056,-80.31639,201003,2010,2
"Miami,8.8,25.79056,-80.31639,201004,2010,5
"Miami,8.8,25.79056,-80.31639,201005,2010,1
"Miami,8.8,25.79056,-80.31639,201006,2010,3
"Miami,8.8,25.79056,-80.31639,201007,2010,4
"Miami,8.8,25.79056,-80.31639,201008,2010,7
"Miami,8.8,25.79056,-80.31639,201009,2010,11
"Miami,8.8,25.79056,-80.31639,201010,2010,1
"Miami,8.8,25.79056,-80.31639,201011,2010,2
"Miami,8.8,25.7905,-80.3163,201012,2010,1
"Miami,8.8,25.7905,-80.3163,201101,2011,2
"Miami,8.8,25.7905,-80.3163,201102,2011,0
"Miami,8.8,25.7905,-80.3163,201103,2011,1
"Miami,8.8,25.7905,-80.3163,201104,2011,3
"Miami,8.8,25.7905,-80.3163,201105,2011,1
"Miami,8.8,25.7905,-80.3163,201106,2011,4
"Miami,8.8,25.7905,-80.3163,201107,2011,5
"Miami,8.8,25.7905,-80.3163,201108,2011,9
"Miami,8.8,25.7905,-80.3163,201109,2011,5
"Miami,8.8,25.7905,-80.3163,201110,2011,8
"Miami,8.8,25.7905,-80.3163,201111,2011,1
"Miami,8.8,25.7905,-80.3163,201112,2011,1
"Miami,8.8,25.7905,-80.3163,201201,2012,0
"Miami,8.8,25.7905,-80.3163,201202,2012,3
"Miami,8.8,25.7905,-80.3163,201203,2012,3
"Miami,8.8,25.7905,-80.3163,201204,2012,4
"Miami,8.8,25.7905,-80.3163,201205,2012,6
"Miami,8.8,25.7905,-80.3163,201206,2012,7
"Miami,8.8,25.7905,-80.3163,201207,2012,8
"Miami,8.8,25.7905,-80.3163,201208,2012,10
"Miami,8.8,25.7905,-80.3163,201209,2012,6
"Miami,8.8,25.7905,-80.3163,201210,2012,3
"Miami,8.8,25.7905,-80.3163,201211,2012,0
"Miami,8.8,25.7905,-80.3163,201212,2012,0
"Miami,8.8,25.7905,-80.3163,201301,2013,0
"Miami,8.8,25.7905,-80.3163,201302,2013,1
"Miami,8.8,25.7905,-80.3163,201303,2013,1
"Miami,8.8,25.7905,-80.3163,201304,2013,3
"Miami,8.8,25.7905,-80.3163,201305,2013,6
"Miami,8.8,25.7905,-80.3163,201306,2013,5
"Miami,8.8,25.7905,-80.3163,201307,2013,7
"Miami,8.8,25.7905,-80.3163,201308,2013,2
"Miami,8.8,25.7905,-80.3163,201309,2013,7
"Miami,8.8,25.7905,-80.3163,201310,2013,2
"Miami,8.8,25.7905,-80.3163,201311,2013,4
"Miami,8.8,25.7905,-80.3163,201312,2013,1
"Los Angeles,29.6,33.93806,-118.38889,200801,2008,5
"Los Angeles,29.6,33.93806,-118.38889,200802,2008,2
"Los Angeles,29.6,33.93806,-118.38889,200803,2008,0
"Los Angeles,29.6,33.93806,-118.38889,200804,2008,0
"Los Angeles,29.6,33.93806,-118.38889,200805,2008,0
"Los Angeles,29.6,33.93806,-118.38889,200806,2008,0
"Los Angeles,29.6,33.93806,-118.38889,200807,2008,0
"Los Angeles,29.6,33.93806,-118.38889,200808,2008,0
"Los Angeles,29.6,33.93806,-118.38889,200809,2008,0
"Los Angeles,29.6,33.93806,-118.38889,200810,2008,0
"Los Angeles,29.6,33.93806,-118.38889,200811,2008,2
"Los Angeles,29.6,33.93806,-118.38889,200812,2008,1
"Los Angeles,29.6,33.93806,-118.38889,200901,2009,0
"Los Angeles,29.6,33.93806,-118.38889,200902,2009,3
"Los Angeles,29.6,33.93806,-118.38889,200903,2009,0
"Los Angeles,29.6,33.93806,-118.38889,200904,2009,0
"Los Angeles,29.6,33.93806,-118.38889,200905,2009,0
"Los Angeles,29.6,33.93806,-118.38889,200906,2009,0
"Los Angeles,29.6,33.93806,-118.38889,200907,2009,0
"Los Angeles,29.6,33.93806,-118.38889,200908,2009,0
"Los Angeles,29.6,33.93806,-118.38889,200909,2009,0
"Los Angeles,29.6,33.93806,-118.38889,200910,2009,1
"Los Angeles,29.6,33.93806,-118.38889,200911,2009,0
"Los Angeles,29.6,33.93806,-118.38889,200912,2009,2
"Los Angeles,29.6,33.93806,-118.38889,201001,2010,4
"Los Angeles,29.6,33.93806,-118.38889,201002,2010,3
"Los Angeles,29.6,33.938,-118.3888,201003,2010,0
"Los Angeles,29.6,33.938,-118.3888,201004,2010,1
"Los Angeles,29.6,33.938,-118.3888,201005,2010,0
"Los Angeles,29.6,33.938,-118.3888,201006,2010,0
"Los Angeles,29.6,33.938,-118.3888,201007,2010,0
"Los Angeles,29.6,33.938,-118.3888,201008,2010,0
"Los Angeles,29.6,33.938,-118.3888,201009,2010,0
"Los Angeles,29.6,33.938,-118.3888,201010,2010,1
"Los Angeles,29.6,33.938,-118.3888,201011,2010,0
"Los Angeles,29.6,33.938,-118.3888,201012,2010,6
"Los Angeles,29.6,33.938,-118.3888,201101,2011,1
"Los Angeles,29.6,33.938,-118.3888,201102,2011,1
"Los Angeles,29.6,33.938,-118.3888,201103,2011,2
"Los Angeles,29.6,33.938,-118.3888,201104,2011,0
"Los Angeles,29.6,33.938,-118.3888,201105,2011,0
"Los Angeles,29.6,33.938,-118.3888,201106,2011,0
"Los Angeles,29.6,33.938,-118.3888,201107,2011,0
"Los Angeles,29.6,33.938,-118.3888,201108,2011,0
"Los Angeles,29.6,33.938,-118.3888,201109,2011,0
"Los Angeles,29.6,33.938,-118.3888,201110,2011,1
"Los Angeles,29.6,33.938,-118.3888,201111,2011,1
"Los Angeles,29.6,33.938,-118.3888,201112,2011,1
"Los Angeles,29.6,33.938,-118.3888,201201,2012,2
"Los Angeles,29.6,33.938,-118.3888,201202,2012,0
"Los Angeles,29.6,33.938,-118.3888,201203,2012,2
"Los Angeles,29.6,33.938,-118.3888,201204,2012,0
"Los Angeles,29.6,33.938,-118.3888,201205,2012,0
"Los Angeles,29.6,33.938,-118.3888,201206,2012,0
"Los Angeles,29.6,33.938,-118.3888,201207,2012,0
"Los Angeles,29.6,33.938,-118.3888,201208,2012,0
"Los Angeles,29.6,33.938,-118.3888,201209,2012,0
"Los Angeles,29.6,33.938,-118.3888,201210,2012,0
"Los Angeles,29.6,33.938,-118.3888,201211,2012,1
"Los Angeles,29.6,33.938,-118.3888,201212,2012,1
"Los Angeles,29.6,33.938,-118.3888,201301,2013,1
"Los Angeles,29.6,33.938,-118.3888,201302,2013,0
"Los Angeles,29.6,33.938,-118.3888,201303,2013,1
"Los Angeles,29.6,33.938,-118.3888,201304,2013,0
"Los Angeles,29.6,33.938,-118.3888,201305,2013,0
"Los Angeles,29.6,33.938,-118.3888,201306,2013,0
"Los Angeles,29.6,33.938,-118.3888,201307,2013,0
"Los Angeles,29.6,33.938,-118.3888,201308,2013,0
"Los Angeles,29.6,33.938,-118.3888,201309,2013,0
"Los Angeles,29.6,33.938,-118.3888,201310,2013,0
"Los Angeles,29.6,33.938,-118.3888,201311,2013,0
"Los Angeles,29.6,33.938,-118.3888,201312,2013,0
